{
  "project_info": {
    "project_number": "349564353885",
    "firebase_url": "https://fire-watch-380812-default-rtdb.europe-west1.firebasedatabase.app",
    "project_id": "fire-watch-380812",
    "storage_bucket": "fire-watch-380812.appspot.com"
  },
  "client": [
    {
      "client_info": {
        "mobilesdk_app_id": "1:349564353885:android:d624059138662c84e2fcb4",
        "android_client_info": {
          "package_name": "com.example.pushtest"
        }
      },
      "oauth_client": [
        {
          "client_id": "349564353885-tdnfadaqn5c0kcjc3enel8gckii9vhiu.apps.googleusercontent.com",
          "client_type": 3
        }
      ],
      "api_key": [
        {
          "current_key": "AIzaSyCm0RXM2z4OCP19Hh3AkqpNFhd9S_KQBIE"
        }
      ],
      "services": {
        "appinvite_service": {
          "other_platform_oauth_client": [
            {
              "client_id": "349564353885-tdnfadaqn5c0kcjc3enel8gckii9vhiu.apps.googleusercontent.com",
              "client_type": 3
            }
          ]
        }
      }
    }
  ],
  "configuration_version": "1"
}